prefix	name	deprecated	status	repository	submodule_path	evidence
3dmet	3DMET	true	deprecated			No confirmed BioBricks graph mapping
4503	BioData Catalyst	false	build-needed			No confirmed BioBricks graph mapping
4dn	4D Nucleome	false	build-needed			No confirmed BioBricks graph mapping
6vts	JCOIN Portal	false	build-needed			No confirmed BioBricks graph mapping
abs	ABS	false	build-needed			No confirmed BioBricks graph mapping
aceview.worm	Aceview Worm	false	build-needed			No confirmed BioBricks graph mapping
addgene	Addgene Plasmid Repository	false	build-needed			No confirmed BioBricks graph mapping
adw	Animal Diversity Web	false	build-needed			No confirmed BioBricks graph mapping
affy.probeset	Affymetrix Probeset	false	build-needed			No confirmed BioBricks graph mapping
aftol.taxonomy	AFTOL	true	deprecated			No confirmed BioBricks graph mapping
agricola	AGRICOLA	false	build-needed			No confirmed BioBricks graph mapping
allergome	Allergome	false	build-needed			No confirmed BioBricks graph mapping
amoebadb	AmoebaDB	false	build-needed			No confirmed BioBricks graph mapping
antibodyregistry	Antibody Registry	false	build-needed			No confirmed BioBricks graph mapping
antweb	AntWeb	false	build-needed			No confirmed BioBricks graph mapping
aop	AOPWiki	false	existing-submodule	https://github.com/biobricks-ai/aop-wiki-kg.git	graphs/aop	Repository implements the AOP-Wiki database registered by this namespace
aop.events	AOPWiki (Key Event)	false	build-needed			No confirmed BioBricks graph mapping
aop.relationships	AOPWiki (Key Event Relationship)	false	build-needed			No confirmed BioBricks graph mapping
aop.stressor	AOPWiki (Stressor)	false	build-needed			No confirmed BioBricks graph mapping
apd	APD	true	deprecated			No confirmed BioBricks graph mapping
aphidbase.transcript	AphidBase Transcript	false	build-needed			No confirmed BioBricks graph mapping
apid.interactions	APID Interactomes	false	build-needed			No confirmed BioBricks graph mapping
arachnoserver	ArachnoServer	false	build-needed			No confirmed BioBricks graph mapping
ardb	Antibiotic Resistance Genes Database	true	deprecated			No confirmed BioBricks graph mapping
ark	Archival Resource Key (ARK)	false	build-needed			No confirmed BioBricks graph mapping
arrayexpress	ArrayExpress	false	build-needed			No confirmed BioBricks graph mapping
arrayexpress.platform	ArrayExpress Platform	false	build-needed			No confirmed BioBricks graph mapping
arraymap	ArrayMap	false	build-needed			No confirmed BioBricks graph mapping
arxiv	arXiv	false	build-needed			No confirmed BioBricks graph mapping
asap	ASAP	true	deprecated			No confirmed BioBricks graph mapping
ascl	Astrophysics Source Code Library	false	build-needed			No confirmed BioBricks graph mapping
asin	Amazon Standard Identification Number (ASIN)	false	build-needed			No confirmed BioBricks graph mapping
aspgd.locus	AspGD Locus	true	deprecated			No confirmed BioBricks graph mapping
aspgd.protein	AspGD Protein	true	deprecated			No confirmed BioBricks graph mapping
assembly	Assembly	false	build-needed			No confirmed BioBricks graph mapping
atc	Anatomical Therapeutic Chemical	false	build-needed			No confirmed BioBricks graph mapping
atcc	ATCC	false	build-needed			No confirmed BioBricks graph mapping
atcvet	Anatomical Therapeutic Chemical Vetinary	false	build-needed			No confirmed BioBricks graph mapping
atfdb.family	Animal TFDB Family	false	build-needed			No confirmed BioBricks graph mapping
autdb	AutDB	true	deprecated			No confirmed BioBricks graph mapping
bacdive	Bacterial Diversity Metadatabase	false	build-needed			No confirmed BioBricks graph mapping
bacmap.biog	BacMap Biography	false	build-needed			No confirmed BioBricks graph mapping
bacmap.map	BacMap Map	false	build-needed			No confirmed BioBricks graph mapping
bao	BioAssay Ontology	false	build-needed			No confirmed BioBricks graph mapping
bbkg	Blue Brain Project Knowledge Graph	true	deprecated			No confirmed BioBricks graph mapping
bbtp	Blue Brain Project Topological sampling Knowledge Graph	true	deprecated			No confirmed BioBricks graph mapping
bdgp.est	BDGP EST	false	build-needed			No confirmed BioBricks graph mapping
bdgp.insertion	BDGP insertion DB	false	build-needed			No confirmed BioBricks graph mapping
bdsc	Bloomington Drosophila Stock Center	false	build-needed			No confirmed BioBricks graph mapping
beetlebase	BeetleBase	true	deprecated			No confirmed BioBricks graph mapping
begdb	Benchmark Energy & Geometry Database	false	build-needed			No confirmed BioBricks graph mapping
bgee.family	Bgee family	true	deprecated			No confirmed BioBricks graph mapping
bgee.gene	Bgee gene	false	build-needed			No confirmed BioBricks graph mapping
bgee.organ	Bgee organ	true	deprecated			No confirmed BioBricks graph mapping
bgee.stage	Bgee stage	true	deprecated			No confirmed BioBricks graph mapping
bigg.compartment	BiGG Compartment	false	build-needed			No confirmed BioBricks graph mapping
bigg.metabolite	BiGG Metabolite	false	build-needed			No confirmed BioBricks graph mapping
bigg.model	BiGG Model	false	build-needed			No confirmed BioBricks graph mapping
bigg.reaction	BiGG Reaction	false	build-needed			No confirmed BioBricks graph mapping
bindingdb	BindingDB	false	existing-submodule	https://github.com/biobricks-ai/bindingdb-rdf.git	graphs/bindingdb	Exact registered database and BioBricks source
biocarta.pathway	BioCarta Pathway	false	build-needed			No confirmed BioBricks graph mapping
biocatalogue.service	BioCatalogue	false	build-needed			No confirmed BioBricks graph mapping
biocyc	BioCyc	false	build-needed			No confirmed BioBricks graph mapping
biodeep	BioDeep Database	false	build-needed			No confirmed BioBricks graph mapping
biofactoid	Biofactoid	false	build-needed			No confirmed BioBricks graph mapping
biogrid	BioGRID	false	existing-submodule	https://github.com/biobricks-ai/biogrid.git	graphs/biogrid	Exact registered database and BioBricks source
biokc	BioKC	false	build-needed			No confirmed BioBricks graph mapping
biolink	BioLink Model	false	build-needed			No confirmed BioBricks graph mapping
biominder	Bio-MINDER Tissue Database	false	build-needed			No confirmed BioBricks graph mapping
biomodels.db	BioModels Database	false	build-needed			No confirmed BioBricks graph mapping
biomodels.kisao	KiSAO	false	build-needed			No confirmed BioBricks graph mapping
biomodels.teddy	TEDDY	false	build-needed			No confirmed BioBricks graph mapping
biomodels.vocabulary	SBML RDF Vocabulary	false	build-needed			No confirmed BioBricks graph mapping
bionumbers	BioNumbers	false	build-needed			No confirmed BioBricks graph mapping
bioportal	BioPortal	true	deprecated			No confirmed BioBricks graph mapping
bioproject	BioProject	false	build-needed			No confirmed BioBricks graph mapping
biosample	BioSample	false	build-needed			No confirmed BioBricks graph mapping
biosimulations	biosimulations	false	build-needed			No confirmed BioBricks graph mapping
biosimulators	BioSimulators	false	build-needed			No confirmed BioBricks graph mapping
biostudies	BioStudies database	false	existing-submodule	https://github.com/biobricks-ai/biostudies.git	graphs/biostudies	Exact registered database and BioBricks source
biosystems	BioSystems	true	deprecated			No confirmed BioBricks graph mapping
biotools	BioTools	false	build-needed			No confirmed BioBricks graph mapping
bitbucket	Bitbucket	false	build-needed			No confirmed BioBricks graph mapping
bitterdb.cpd	BitterDB Compound	false	build-needed			No confirmed BioBricks graph mapping
bitterdb.rec	BitterDB Receptor	false	build-needed			No confirmed BioBricks graph mapping
bmrb	Biological Magnetic Resonance Data Bank	false	build-needed			No confirmed BioBricks graph mapping
bold.taxonomy	BOLD Taxonomy	false	build-needed			No confirmed BioBricks graph mapping
brenda	BRENDA	false	existing-submodule	https://github.com/biobricks-ai/brenda.git	graphs/brenda	Exact registered database and BioBricks source
broad	Broad Fungal Genome Initiative	false	build-needed			No confirmed BioBricks graph mapping
bto	Brenda Tissue Ontology	false	build-needed			No confirmed BioBricks graph mapping
bugbase.expt	BugBase Expt	true	deprecated			No confirmed BioBricks graph mapping
bugbase.protocol	BugBase Protocol	true	deprecated			No confirmed BioBricks graph mapping
bykdb	BYKdb	false	build-needed			No confirmed BioBricks graph mapping
cabri	CABRI	false	build-needed			No confirmed BioBricks graph mapping
cadsr	Cancer Data Standards Registry and Repository	false	build-needed			No confirmed BioBricks graph mapping
cameo	CAMEO	false	build-needed			No confirmed BioBricks graph mapping
caps	CAPS-DB	false	build-needed			No confirmed BioBricks graph mapping
cas	CAS	false	build-needed			No confirmed BioBricks graph mapping
cath	CATH Protein Structural Domain Superfamily	false	build-needed			No confirmed BioBricks graph mapping
cath.domain	CATH domain	false	build-needed			No confirmed BioBricks graph mapping
cath.superfamily	CATH superfamily	false	build-needed			No confirmed BioBricks graph mapping
cattleqtldb	Animal Genome Cattle QTL	false	build-needed			No confirmed BioBricks graph mapping
cazy	CAZy	false	build-needed			No confirmed BioBricks graph mapping
cbioportal	The cBioPortal for Cancer Genomics	false	build-needed			No confirmed BioBricks graph mapping
ccdc	CCDC Number	false	build-needed			No confirmed BioBricks graph mapping
ccds	Consensus CDS	false	build-needed			No confirmed BioBricks graph mapping
cco	Cell Cycle Ontology	false	build-needed			No confirmed BioBricks graph mapping
cdd	Conserved Domain Database	false	build-needed			No confirmed BioBricks graph mapping
cdpd	Canadian Drug Product Database	false	build-needed			No confirmed BioBricks graph mapping
cellimage	Cell Image Library	false	build-needed			No confirmed BioBricks graph mapping
cellosaurus	Cellosaurus	false	existing-submodule	https://github.com/biobricks-ai/cellosaurus.git	graphs/cellosaurus	Exact registered database and BioBricks source
cellrepo	Cell Version Control Repository	false	build-needed			No confirmed BioBricks graph mapping
cgd	Candida Genome Database	false	build-needed			No confirmed BioBricks graph mapping
cgsc	CGSC Strain	true	deprecated			No confirmed BioBricks graph mapping
charprot	CharProt	true	deprecated			No confirmed BioBricks graph mapping
chebi	ChEBI	false	existing-submodule	https://github.com/biobricks-ai/chebi.git	graphs/chebi	Exact registered database and BioBricks source
chembl	ChEMBL	false	existing-submodule	https://github.com/biobricks-ai/chembl-rdf.git	graphs/chembl	Exact registered database and BioBricks source
chembl.compound	ChEMBL compound	false	build-needed			No confirmed BioBricks graph mapping
chembl.target	ChEMBL target	false	build-needed			No confirmed BioBricks graph mapping
chemdb	ChemDB	false	build-needed			No confirmed BioBricks graph mapping
chemidplus	ChemIDplus	false	build-needed			No confirmed BioBricks graph mapping
cheminf	Chemical Information Ontology	false	build-needed			No confirmed BioBricks graph mapping
chemspider	ChemSpider	false	build-needed			No confirmed BioBricks graph mapping
chickenqtldb	Animal Genome Chicken QTL	false	build-needed			No confirmed BioBricks graph mapping
civic.aid	CIViC Assertion	false	build-needed			No confirmed BioBricks graph mapping
civic.did	CIViC Disease	false	build-needed			No confirmed BioBricks graph mapping
civic.eid	CIViC Evidence	false	build-needed			No confirmed BioBricks graph mapping
civic.gid	CIViC Gene	false	build-needed			No confirmed BioBricks graph mapping
civic.mpid	CIViC Molecular Profile	false	build-needed			No confirmed BioBricks graph mapping
civic.sid	CIViC Source	false	build-needed			No confirmed BioBricks graph mapping
civic.tid	CIViC Therapy	false	build-needed			No confirmed BioBricks graph mapping
civic.vgid	CIViC Variant Group	false	build-needed			No confirmed BioBricks graph mapping
civic.vid	CIViC Variant	false	build-needed			No confirmed BioBricks graph mapping
cl	Cell Type Ontology	false	build-needed			No confirmed BioBricks graph mapping
classyfire	ClassyFire	false	existing-submodule	https://github.com/biobricks-ai/classyfire-kg.git	graphs/classyfire	Exact registered database and BioBricks source
clb	ChecklistBank	false	build-needed			No confirmed BioBricks graph mapping
cldb	CLDB	false	build-needed			No confirmed BioBricks graph mapping
clinicaltrials	ClinicalTrials.gov	false	existing-submodule	https://github.com/biobricks-ai/clinicaltrials.git	graphs/clinicaltrials	Exact registered database and BioBricks source
clinvar	ClinVar Variant	false	existing-submodule	https://github.com/biobricks-ai/clinvar.git	graphs/clinvar	Exact registered database and BioBricks source
clinvar.record	ClinVar Record	false	build-needed			No confirmed BioBricks graph mapping
clinvar.submission	ClinVar Submission	false	build-needed			No confirmed BioBricks graph mapping
clinvar.submitter	ClinVar Submitter	false	build-needed			No confirmed BioBricks graph mapping
clo	Cell Line Ontology	false	build-needed			No confirmed BioBricks graph mapping
cog	COG	false	build-needed			No confirmed BioBricks graph mapping
col	Catalogue of Life	false	build-needed			No confirmed BioBricks graph mapping
combine.specifications	COMBINE specifications	false	build-needed			No confirmed BioBricks graph mapping
complexportal	Complex Portal	false	build-needed			No confirmed BioBricks graph mapping
comptox	CompTox Chemistry Dashboard	false	existing-submodule	https://github.com/biobricks-ai/comptox-kg.git	graphs/comptox	Repository implements the registered CompTox Chemistry Dashboard
compulyeast	Compulyeast	true	deprecated			No confirmed BioBricks graph mapping
conoserver	Conoserver	false	existing-submodule	https://github.com/biobricks-ai/conoserver.git	graphs/conoserver	Exact registered database and BioBricks source
coriell	Coriell Cell Repositories	false	build-needed			No confirmed BioBricks graph mapping
corrdb	CorrDB	false	build-needed			No confirmed BioBricks graph mapping
corum	CORUM	false	build-needed			No confirmed BioBricks graph mapping
cosmic	COSMIC Gene	false	build-needed			No confirmed BioBricks graph mapping
covid19	SARS-CoV-2	false	build-needed			No confirmed BioBricks graph mapping
cpc	Cooperative Patent Classification	false	build-needed			No confirmed BioBricks graph mapping
crisprdb	CRISPRdb	false	build-needed			No confirmed BioBricks graph mapping
crop2ml	CropMRepository	false	build-needed			No confirmed BioBricks graph mapping
cryptodb	CryptoDB	false	build-needed			No confirmed BioBricks graph mapping
csa	CSA	true	deprecated			No confirmed BioBricks graph mapping
csd	Cambridge Structural Database	false	build-needed			No confirmed BioBricks graph mapping
cst	Cell Signaling Technology Pathways	false	build-needed			No confirmed BioBricks graph mapping
cst.ab	Cell Signaling Technology Antibody	false	build-needed			No confirmed BioBricks graph mapping
cstr	CSTR	false	build-needed			No confirmed BioBricks graph mapping
ctd.chemical	CTD Chemical	false	build-needed			No confirmed BioBricks graph mapping
ctd.disease	CTD Disease	false	build-needed			No confirmed BioBricks graph mapping
ctd.gene	CTD Gene	false	build-needed			No confirmed BioBricks graph mapping
cubedb	Cube db	true	deprecated			No confirmed BioBricks graph mapping
d1id	DataONE	false	build-needed			No confirmed BioBricks graph mapping
dailymed	DailyMed	false	build-needed			No confirmed BioBricks graph mapping
dandi	DANDI: Distributed Archives for Neurophysiology Data Integration	false	build-needed			No confirmed BioBricks graph mapping
darc	DARC	true	deprecated			No confirmed BioBricks graph mapping
dashr	DASHR	false	build-needed			No confirmed BioBricks graph mapping
dashr.expression	DASHR expression	false	build-needed			No confirmed BioBricks graph mapping
datanator.gene	Datanator Gene	false	build-needed			No confirmed BioBricks graph mapping
datanator.metabolite	Datanator Metabolite	false	build-needed			No confirmed BioBricks graph mapping
datanator.reaction	Datanator Reaction	false	build-needed			No confirmed BioBricks graph mapping
datf	DATF	true	deprecated			No confirmed BioBricks graph mapping
dbd	DBD	false	build-needed			No confirmed BioBricks graph mapping
dbest	dbEST	false	build-needed			No confirmed BioBricks graph mapping
dbg2introns	DBG2 Introns	true	deprecated			No confirmed BioBricks graph mapping
dbgap	dbGaP	false	existing-submodule	https://github.com/biobricks-ai/dbgap.git	graphs/dbgap	Exact registered database and BioBricks source
dbprobe	dbProbe	true	deprecated			No confirmed BioBricks graph mapping
dbsnp	dbSNP	false	build-needed			No confirmed BioBricks graph mapping
degradome	Degradome Database	false	build-needed			No confirmed BioBricks graph mapping
depod	DEPOD	false	build-needed			No confirmed BioBricks graph mapping
dev.ga4ghdos	Development Data Object Service	false	build-needed			No confirmed BioBricks graph mapping
dg.373f	The AnVIL	false	build-needed			No confirmed BioBricks graph mapping
dg.4503	BioData Catalyst	false	build-needed			No confirmed BioBricks graph mapping
dg.4825	ACCOuNT Data Commons	false	build-needed			No confirmed BioBricks graph mapping
dg.4dfc	NCI Data Commons Framework Services	false	build-needed			No confirmed BioBricks graph mapping
dg.5b0d	BloodPAC	false	build-needed			No confirmed BioBricks graph mapping
dg.63d5	Chicago Pandemic Response Commons	false	build-needed			No confirmed BioBricks graph mapping
dg.6vts	JCOIN	false	build-needed			No confirmed BioBricks graph mapping
dg.712c	NHLBI BioData Catalyst	false	build-needed			No confirmed BioBricks graph mapping
dg.7c5b	Environmental Data Commons	false	build-needed			No confirmed BioBricks graph mapping
dg.80b6	GenoMEL Data Commons	false	build-needed			No confirmed BioBricks graph mapping
dg.anv0	Anvil	false	build-needed			No confirmed BioBricks graph mapping
dg.c78ne	Canine Data Commons	false	build-needed			No confirmed BioBricks graph mapping
dg.ea80	NIDDK IBD Genetics Consortium Portal	false	build-needed			No confirmed BioBricks graph mapping
dg.f738	Veterans Precision Oncology Data Commons	false	build-needed			No confirmed BioBricks graph mapping
dg.f82a1a	Kids First	false	build-needed			No confirmed BioBricks graph mapping
dg.h34l	The HEAL platform	false	build-needed			No confirmed BioBricks graph mapping
dg.h35l	HEAL Data Platform	false	build-needed			No confirmed BioBricks graph mapping
dg.md1r	MIDRC Data Commons	false	build-needed			No confirmed BioBricks graph mapping
dg.nacd	https://accessclinicaldata.niaid.nih.gov/	false	build-needed			No confirmed BioBricks graph mapping
dg.nci35	NCI Data Commons Framework Services	false	build-needed			No confirmed BioBricks graph mapping
dg.um33r90	UMCCR AGHA Data Commons	false	build-needed			No confirmed BioBricks graph mapping
dg.va03	VA Data Commons	false	build-needed			No confirmed BioBricks graph mapping
dg.vp07	Veterans Precision Oncology Data Commons	true	deprecated			No confirmed BioBricks graph mapping
dictybase.est	Dictybase EST	false	build-needed			No confirmed BioBricks graph mapping
dictybase.gene	Dictybase Gene	false	build-needed			No confirmed BioBricks graph mapping
did	Decentralized Identifiers (DIDs)	false	build-needed			No confirmed BioBricks graph mapping
dip	Database of Interacting Proteins	false	build-needed			No confirmed BioBricks graph mapping
disprot	DisProt	false	build-needed			No confirmed BioBricks graph mapping
disprot.region	DisProt region	false	build-needed			No confirmed BioBricks graph mapping
dlxb	Linear double stranded DNA sequences	true	deprecated			No confirmed BioBricks graph mapping
dlxc	Circular double stranded DNA sequences composed	true	deprecated			No confirmed BioBricks graph mapping
doi	DOI	false	build-needed			No confirmed BioBricks graph mapping
doid	Human Disease Ontology	false	build-needed			No confirmed BioBricks graph mapping
dome	DOME Registry	false	build-needed			No confirmed BioBricks graph mapping
dommino	DOMMINO	true	deprecated			No confirmed BioBricks graph mapping
door	DOOR	true	deprecated			No confirmed BioBricks graph mapping
doqcs.model	Database of Quantitative Cellular Signaling: Model	false	build-needed			No confirmed BioBricks graph mapping
doqcs.pathway	Database of Quantitative Cellular Signaling: Pathway	false	build-needed			No confirmed BioBricks graph mapping
dpv	DPV	false	build-needed			No confirmed BioBricks graph mapping
dragondb.allele	DragonDB Allele	true	deprecated			No confirmed BioBricks graph mapping
dragondb.dna	DragonDB DNA	true	deprecated			No confirmed BioBricks graph mapping
dragondb.locus	DragonDB Locus	true	deprecated			No confirmed BioBricks graph mapping
dragondb.protein	DragonDB Protein	true	deprecated			No confirmed BioBricks graph mapping
drs.anv0	AnVIL DRS	false	build-needed			No confirmed BioBricks graph mapping
drsc	DRSC	false	build-needed			No confirmed BioBricks graph mapping
drugbank	DrugBank	false	build-needed			No confirmed BioBricks graph mapping
drugbankv4.target	DrugBank Target v4	false	build-needed			No confirmed BioBricks graph mapping
drugcentral	DrugCentral	false	existing-submodule	https://github.com/biobricks-ai/drugcentral.git	graphs/drugcentral	Exact registered database and BioBricks source
ec-code	Enzyme Nomenclature	false	build-needed			No confirmed BioBricks graph mapping
echobase	EchoBASE	false	build-needed			No confirmed BioBricks graph mapping
eco	Evidence Code Ontology	false	build-needed			No confirmed BioBricks graph mapping
ecogene	EcoGene	true	deprecated			No confirmed BioBricks graph mapping
ecoliwiki	EcoliWiki	false	build-needed			No confirmed BioBricks graph mapping
ecyano.entity	E-cyanobacterium entity	false	build-needed			No confirmed BioBricks graph mapping
ecyano.experiment	E-cyanobacterium Experimental Data	false	build-needed			No confirmed BioBricks graph mapping
ecyano.model	E-cyanobacterium model	false	build-needed			No confirmed BioBricks graph mapping
ecyano.rule	E-cyanobacterium rule	false	build-needed			No confirmed BioBricks graph mapping
edam	EDAM Ontology	false	build-needed			No confirmed BioBricks graph mapping
efo	Experimental Factor Ontology	false	build-needed			No confirmed BioBricks graph mapping
ega	European Genome-phenome Archive	false	build-needed			No confirmed BioBricks graph mapping
ega.dataset	European Genome-phenome Archive Dataset	false	build-needed			No confirmed BioBricks graph mapping
ega.study	European Genome-phenome Archive Study	false	build-needed			No confirmed BioBricks graph mapping
eggnog	eggNOG	true	deprecated			No confirmed BioBricks graph mapping
elm	ELM	false	build-needed			No confirmed BioBricks graph mapping
emdb	Electron Microscopy Data Bank	false	build-needed			No confirmed BioBricks graph mapping
empiar	EMPIAR	false	build-needed			No confirmed BioBricks graph mapping
ena.embl	ENA	false	build-needed			No confirmed BioBricks graph mapping
encode	ENCODE: Encyclopedia of DNA Elements	false	build-needed			No confirmed BioBricks graph mapping
ensembl	Ensembl	false	build-needed			No confirmed BioBricks graph mapping
ensembl.bacteria	Ensembl Bacteria	false	build-needed			No confirmed BioBricks graph mapping
ensembl.fungi	Ensembl Fungi	false	build-needed			No confirmed BioBricks graph mapping
ensembl.metazoa	Ensembl Metazoa	false	build-needed			No confirmed BioBricks graph mapping
ensembl.plant	Ensembl Plants	false	build-needed			No confirmed BioBricks graph mapping
ensembl.protist	Ensembl Protists	false	build-needed			No confirmed BioBricks graph mapping
envipath	enviPath	false	build-needed			No confirmed BioBricks graph mapping
envo	Environment Ontology	false	build-needed			No confirmed BioBricks graph mapping
eo	Plant Environment Ontology	false	build-needed			No confirmed BioBricks graph mapping
epd	EPD	false	build-needed			No confirmed BioBricks graph mapping
erm	European Registry of Materials	false	build-needed			No confirmed BioBricks graph mapping
erv	Human Endogenous Retrovirus Database	false	build-needed			No confirmed BioBricks graph mapping
eu89h	JRC Data Catalogue	false	build-needed			No confirmed BioBricks graph mapping
euclinicaltrials	EU Clinical Trials	false	build-needed			No confirmed BioBricks graph mapping
exac.gene	ExAC Gene	false	build-needed			No confirmed BioBricks graph mapping
exac.transcript	ExAC Transcript	false	build-needed			No confirmed BioBricks graph mapping
exac.variant	ExAC Variant	false	build-needed			No confirmed BioBricks graph mapping
f82a1a	Kids First Data Catalog	false	build-needed			No confirmed BioBricks graph mapping
facebase	FaceBase Data Repository	false	build-needed			No confirmed BioBricks graph mapping
fairmd.lipids	FAIRMD Lipids	false	build-needed			No confirmed BioBricks graph mapping
fairsharing	FAIRsharing	false	build-needed			No confirmed BioBricks graph mapping
fb	FlyBase	false	build-needed			No confirmed BioBricks graph mapping
fbol	Fungal Barcode	false	build-needed			No confirmed BioBricks graph mapping
fcb	the FAIR Cookbook	false	build-needed			No confirmed BioBricks graph mapping
flowrepository	FlowRepository	false	build-needed			No confirmed BioBricks graph mapping
fma	FMA	false	build-needed			No confirmed BioBricks graph mapping
foodb.compound	FooDB Compound	false	build-needed			No confirmed BioBricks graph mapping
foodon	FoodOn Food Ontology	false	build-needed			No confirmed BioBricks graph mapping
fplx	FamPlex	false	build-needed			No confirmed BioBricks graph mapping
fsnp	F-SNP	true	deprecated			No confirmed BioBricks graph mapping
funcbase.fly	FuncBase Fly	false	build-needed			No confirmed BioBricks graph mapping
funcbase.human	FuncBase Human	false	build-needed			No confirmed BioBricks graph mapping
funcbase.mouse	FuncBase Mouse	false	build-needed			No confirmed BioBricks graph mapping
funcbase.yeast	FuncBase Yeast	false	build-needed			No confirmed BioBricks graph mapping
funderregistry	FunderRegistry	false	build-needed			No confirmed BioBricks graph mapping
fungidb	FungiDB	false	build-needed			No confirmed BioBricks graph mapping
ga4ghdos	Data Object Service	false	build-needed			No confirmed BioBricks graph mapping
gabi	GABI	true	deprecated			No confirmed BioBricks graph mapping
gateway	gateway	false	build-needed			No confirmed BioBricks graph mapping
gcst	GWAS Catalog	false	build-needed			No confirmed BioBricks graph mapping
gdc	Genomic Data Commons Data Portal	false	build-needed			No confirmed BioBricks graph mapping
gdsc	Genomics of Drug Sensitivity in Cancer	false	existing-submodule	https://github.com/biobricks-ai/gdsc.git	graphs/gdsc	Exact registered database and BioBricks source
genatlas	Genatlas	false	build-needed			No confirmed BioBricks graph mapping
genecards	GeneCards	false	build-needed			No confirmed BioBricks graph mapping
genedb	GeneDB	true	deprecated			No confirmed BioBricks graph mapping
genefarm	GeneFarm	true	deprecated			No confirmed BioBricks graph mapping
genetree	GeneTree	false	build-needed			No confirmed BioBricks graph mapping
genewiki	Gene Wiki	false	build-needed			No confirmed BioBricks graph mapping
genpept	GenPept	false	build-needed			No confirmed BioBricks graph mapping
genprop	Genome Properties	false	build-needed			No confirmed BioBricks graph mapping
geo	GEO	false	build-needed			No confirmed BioBricks graph mapping
geogeo	Geographical Entity Ontology	false	build-needed			No confirmed BioBricks graph mapping
giardiadb	GiardiaDB	false	build-needed			No confirmed BioBricks graph mapping
github	github	false	build-needed			No confirmed BioBricks graph mapping
gitlab	GitLab	false	build-needed			No confirmed BioBricks graph mapping
glida.gpcr	GLIDA GPCR	true	deprecated			No confirmed BioBricks graph mapping
glida.ligand	GLIDA Ligand	true	deprecated			No confirmed BioBricks graph mapping
glycoepitope	GlycoEpitope	false	build-needed			No confirmed BioBricks graph mapping
glycomedb	GlycomeDB	false	build-needed			No confirmed BioBricks graph mapping
glyconavi	GlycoNAVI	false	build-needed			No confirmed BioBricks graph mapping
glycopost	GlycoPOST	false	build-needed			No confirmed BioBricks graph mapping
glytoucan	GlyTouCan	false	build-needed			No confirmed BioBricks graph mapping
gmd	Golm Metabolome Database	false	build-needed			No confirmed BioBricks graph mapping
gmd.analyte	Golm Metabolome Database Analyte	false	build-needed			No confirmed BioBricks graph mapping
gmd.gcms	Golm Metabolome Database GC-MS spectra	false	build-needed			No confirmed BioBricks graph mapping
gmd.profile	Golm Metabolome Database Profile	false	build-needed			No confirmed BioBricks graph mapping
gmd.ref	Golm Metabolome Database Reference Substance	false	build-needed			No confirmed BioBricks graph mapping
gnd	Gemeinsame Normdatei	false	build-needed			No confirmed BioBricks graph mapping
gnpis	GnpIS	false	build-needed			No confirmed BioBricks graph mapping
go	Gene Ontology	false	existing-submodule	https://github.com/biobricks-ai/geneontology.git	graphs/go	Repository implements the registered Gene Ontology
go_ref	Gene Ontology Reference	false	build-needed			No confirmed BioBricks graph mapping
goa	GOA	false	build-needed			No confirmed BioBricks graph mapping
gold	Genomes OnLine Database (GOLD)	false	build-needed			No confirmed BioBricks graph mapping
gold.genome	GOLD genome	false	build-needed			No confirmed BioBricks graph mapping
gold.meta	GOLD metadata	false	build-needed			No confirmed BioBricks graph mapping
google.patent	Google Patents	false	build-needed			No confirmed BioBricks graph mapping
gpcrdb	GPCRDB	false	build-needed			No confirmed BioBricks graph mapping
gpmdb	GPMDB	false	build-needed			No confirmed BioBricks graph mapping
gramene.gene	Gramene genes	false	build-needed			No confirmed BioBricks graph mapping
gramene.protein	Gramene protein	false	build-needed			No confirmed BioBricks graph mapping
gramene.qtl	Gramene QTL	false	build-needed			No confirmed BioBricks graph mapping
gramene.taxonomy	Gramene Taxonomy	false	build-needed			No confirmed BioBricks graph mapping
greengenes	GreenGenes	true	deprecated			No confirmed BioBricks graph mapping
grid	GRID	false	build-needed			No confirmed BioBricks graph mapping
grin.taxonomy	GRIN Plant Taxonomy	false	build-needed			No confirmed BioBricks graph mapping
gro	Gramene Growth Stage Ontology	false	build-needed			No confirmed BioBricks graph mapping
grsdb	GRSDB	true	deprecated			No confirmed BioBricks graph mapping
gsso	Gender, Sex, and Sexual Orientation (GSSO) Ontology	false	build-needed			No confirmed BioBricks graph mapping
gtex	GTEx	false	existing-submodule	https://github.com/biobricks-ai/gtex.git	graphs/gtex	Exact registered database and BioBricks source
gtr	Genetic Testing Registry Tests	false	build-needed			No confirmed BioBricks graph mapping
gtrl	Genetic Testing Registry Labs	false	build-needed			No confirmed BioBricks graph mapping
gudmap	GUDMAP	false	build-needed			No confirmed BioBricks graph mapping
gwascentral.marker	GWAS Central Marker	false	build-needed			No confirmed BioBricks graph mapping
gwascentral.phenotype	GWAS Central Phenotype	false	build-needed			No confirmed BioBricks graph mapping
gwascentral.study	GWAS Central Study	false	build-needed			No confirmed BioBricks graph mapping
gxa.expt	GXA Expt	false	build-needed			No confirmed BioBricks graph mapping
gxa.gene	GXA Gene	false	build-needed			No confirmed BioBricks graph mapping
hamap	HAMAP	false	build-needed			No confirmed BioBricks graph mapping
hco	Human Chromosome Ontology	false	build-needed			No confirmed BioBricks graph mapping
hcvdb	HCVDB	false	build-needed			No confirmed BioBricks graph mapping
hdr	Homeodomain Research	true	deprecated			No confirmed BioBricks graph mapping
hgmd	HGMD	false	build-needed			No confirmed BioBricks graph mapping
hgnc	HGNC	false	existing-submodule	https://github.com/biobricks-ai/hgnc.git	graphs/hgnc	Exact registered database and BioBricks source
hgnc.family	HGNC Family	true	deprecated			No confirmed BioBricks graph mapping
hgnc.genefamily	HGNC gene family	false	build-needed			No confirmed BioBricks graph mapping
hgnc.genegroup	HGNC Gene Group	false	build-needed			No confirmed BioBricks graph mapping
hgnc.symbol	HGNC Symbol	false	build-needed			No confirmed BioBricks graph mapping
hinv.locus	H-InvDb Locus	true	deprecated			No confirmed BioBricks graph mapping
hinv.protein	H-InvDb Protein	true	deprecated			No confirmed BioBricks graph mapping
hinv.transcript	H-InvDb Transcript	true	deprecated			No confirmed BioBricks graph mapping
hmdb	HMDB	false	existing-submodule	https://github.com/biobricks-ai/hmdb.git	graphs/hmdb	Exact registered database and BioBricks source
hogenom	HOGENOM	false	build-needed			No confirmed BioBricks graph mapping
homd.seq	HOMD Sequence Metainformation	false	build-needed			No confirmed BioBricks graph mapping
homd.taxon	HOMD Taxonomy	false	build-needed			No confirmed BioBricks graph mapping
homologene	HomoloGene	false	build-needed			No confirmed BioBricks graph mapping
hovergen	HOVERGEN	true	deprecated			No confirmed BioBricks graph mapping
hp	Human Phenotype Ontology	false	build-needed			No confirmed BioBricks graph mapping
hpa	HPA	false	build-needed			No confirmed BioBricks graph mapping
hpm.peptide	Human Proteome Map Peptide	false	build-needed			No confirmed BioBricks graph mapping
hpm.protein	Human Proteome Map Protein	true	deprecated			No confirmed BioBricks graph mapping
hprd	HPRD	true	deprecated			No confirmed BioBricks graph mapping
hpscreg	Human Pluripotent Stem Cell Registry	false	build-needed			No confirmed BioBricks graph mapping
hssp	HSSP	false	build-needed			No confirmed BioBricks graph mapping
huge	HUGE	false	build-needed			No confirmed BioBricks graph mapping
iao	Information Artifact Ontology	false	build-needed			No confirmed BioBricks graph mapping
icd	ICD	false	build-needed			No confirmed BioBricks graph mapping
icdc	Integrated Canine Data Commons	false	build-needed			No confirmed BioBricks graph mapping
ice.chem	Integrated Chemical Environment - Chemical data	false	build-needed			No confirmed BioBricks graph mapping
iceberg.element	ICEberg element	false	build-needed			No confirmed BioBricks graph mapping
iceberg.family	ICEberg family	false	build-needed			No confirmed BioBricks graph mapping
ideal	IDEAL	false	build-needed			No confirmed BioBricks graph mapping
identifiers.namespace	Identifiers.org namespace	false	build-needed			No confirmed BioBricks graph mapping
ido	Infectious Disease Ontology	false	build-needed			No confirmed BioBricks graph mapping
idoo	Identifiers.org Ontology	false	build-needed			No confirmed BioBricks graph mapping
idot	Identifiers.org Terms	false	build-needed			No confirmed BioBricks graph mapping
idr	Image Data Resource	false	build-needed			No confirmed BioBricks graph mapping
iedb	Immune Epitope Database (IEDB)	false	build-needed			No confirmed BioBricks graph mapping
ifloprop	InfoFlora Objects and properties	false	build-needed			No confirmed BioBricks graph mapping
igsn	International Generic Sample Number	false	build-needed			No confirmed BioBricks graph mapping
ilx	InterLex	false	build-needed			No confirmed BioBricks graph mapping
imex	IMEx	false	build-needed			No confirmed BioBricks graph mapping
img.gene	Integrated Microbial Genomes Gene	false	build-needed			No confirmed BioBricks graph mapping
img.taxon	Integrated Microbial Genomes Taxon	false	build-needed			No confirmed BioBricks graph mapping
imgt.hla	IMGT HLA	false	build-needed			No confirmed BioBricks graph mapping
imgt.ligm	IMGT LIGM	false	build-needed			No confirmed BioBricks graph mapping
immport	Immunology Database and Analysis Portal (ImmPort)	false	build-needed			No confirmed BioBricks graph mapping
inchi	InChI	false	build-needed			No confirmed BioBricks graph mapping
inchikey	InChIKey	false	build-needed			No confirmed BioBricks graph mapping
insdc	Nucleotide Sequence Database	false	build-needed			No confirmed BioBricks graph mapping
insdc.cds	INSDC CDS	false	build-needed			No confirmed BioBricks graph mapping
insdc.gca	Genome assembly database - INSDC accessions	false	build-needed			No confirmed BioBricks graph mapping
insdc.sra	Sequence Read Archive	false	build-needed			No confirmed BioBricks graph mapping
intact	IntAct	false	build-needed			No confirmed BioBricks graph mapping
intact.molecule	IntAct Molecule	false	build-needed			No confirmed BioBricks graph mapping
interpro	InterPro	false	build-needed			No confirmed BioBricks graph mapping
ird.segment	IRD Segment Sequence	false	build-needed			No confirmed BioBricks graph mapping
irefweb	iRefWeb	true	deprecated			No confirmed BioBricks graph mapping
isbn	ISBN	false	build-needed			No confirmed BioBricks graph mapping
isfinder	ISFinder	true	deprecated			No confirmed BioBricks graph mapping
isni	International Standard Name Identifier	false	build-needed			No confirmed BioBricks graph mapping
issn	ISSN	false	build-needed			No confirmed BioBricks graph mapping
ito	Intelligence Task Ontology	false	build-needed			No confirmed BioBricks graph mapping
iuphar.family	IUPHAR family	false	build-needed			No confirmed BioBricks graph mapping
iuphar.ligand	IUPHAR ligand	false	build-needed			No confirmed BioBricks graph mapping
iuphar.receptor	IUPHAR receptor	false	build-needed			No confirmed BioBricks graph mapping
jaxmice	JAX Mice	false	build-needed			No confirmed BioBricks graph mapping
jcggdb	JCGGDB	true	deprecated			No confirmed BioBricks graph mapping
jcm	Japan Collection of Microorganisms	false	build-needed			No confirmed BioBricks graph mapping
jcsd	Japan Chemical Substance Dictionary	false	build-needed			No confirmed BioBricks graph mapping
jstor	JSTOR	false	build-needed			No confirmed BioBricks graph mapping
jws	JWS Online	false	build-needed			No confirmed BioBricks graph mapping
kaggle	Kaggle	false	build-needed			No confirmed BioBricks graph mapping
kegg	Kyoto Encyclopedia of Genes and Genomes	false	build-needed			No confirmed BioBricks graph mapping
kegg.compound	KEGG Compound	false	build-needed			No confirmed BioBricks graph mapping
kegg.disease	KEGG Disease	false	build-needed			No confirmed BioBricks graph mapping
kegg.drug	KEGG Drug	false	build-needed			No confirmed BioBricks graph mapping
kegg.environ	KEGG Environ	false	build-needed			No confirmed BioBricks graph mapping
kegg.genes	KEGG Genes	false	build-needed			No confirmed BioBricks graph mapping
kegg.genome	KEGG Genome	false	build-needed			No confirmed BioBricks graph mapping
kegg.glycan	KEGG Glycan	false	build-needed			No confirmed BioBricks graph mapping
kegg.metagenome	KEGG Metagenome	false	build-needed			No confirmed BioBricks graph mapping
kegg.module	KEGG Module	false	build-needed			No confirmed BioBricks graph mapping
kegg.orthology	KEGG Orthology	false	build-needed			No confirmed BioBricks graph mapping
kegg.pathway	KEGG Pathway	false	build-needed			No confirmed BioBricks graph mapping
kegg.reaction	KEGG Reaction	false	build-needed			No confirmed BioBricks graph mapping
knapsack	KNApSAcK	false	build-needed			No confirmed BioBricks graph mapping
lei	Global LEI Index	false	build-needed			No confirmed BioBricks graph mapping
lgai.cede	LG Chemical Entity Detection Dataset (LGCEDe)	false	build-needed			No confirmed BioBricks graph mapping
lgic	Ligand-Gated Ion Channel database	true	deprecated			No confirmed BioBricks graph mapping
licebase	LiceBase	false	build-needed			No confirmed BioBricks graph mapping
ligandbook	LigandBook	false	build-needed			No confirmed BioBricks graph mapping
ligandbox	LigandBox	false	build-needed			No confirmed BioBricks graph mapping
ligandexpo	Ligand Expo	false	build-needed			No confirmed BioBricks graph mapping
lincs.cell	LINCS Cell	false	build-needed			No confirmed BioBricks graph mapping
lincs.data	LINCS Data	false	build-needed			No confirmed BioBricks graph mapping
lincs.protein	LINCS Protein	false	build-needed			No confirmed BioBricks graph mapping
lincs.smallmolecule	LINCS Small Molecule	false	build-needed			No confirmed BioBricks graph mapping
linguist	Linguist	false	build-needed			No confirmed BioBricks graph mapping
lipidbank	LipidBank	true	deprecated			No confirmed BioBricks graph mapping
lipidmaps	LIPID MAPS	false	build-needed			No confirmed BioBricks graph mapping
lncbook	LncBook	false	build-needed			No confirmed BioBricks graph mapping
lrg	Locus Reference Genomic	false	build-needed			No confirmed BioBricks graph mapping
lw	LifeWatch Metadata Catalogue	false	build-needed			No confirmed BioBricks graph mapping
m4i	Metadata4Ing	false	build-needed			No confirmed BioBricks graph mapping
ma	Mouse Adult Gross Anatomy	false	build-needed			No confirmed BioBricks graph mapping
macie	MACiE	false	build-needed			No confirmed BioBricks graph mapping
maggot	Maggot	false	build-needed			No confirmed BioBricks graph mapping
maizegdb.locus	MaizeGDB Locus	false	build-needed			No confirmed BioBricks graph mapping
mamo	Mathematical Modelling Ontology	false	build-needed			No confirmed BioBricks graph mapping
massbank	MassBank	false	build-needed			No confirmed BioBricks graph mapping
massive	MassIVE	false	build-needed			No confirmed BioBricks graph mapping
matrixdb.association	MatrixDB	false	build-needed			No confirmed BioBricks graph mapping
maxo	Medical Action Ontology	false	build-needed			No confirmed BioBricks graph mapping
mcro	Model Card Ontology	false	build-needed			No confirmed BioBricks graph mapping
mdm	MDM	false	build-needed			No confirmed BioBricks graph mapping
meddra	MedDRA	false	build-needed			No confirmed BioBricks graph mapping
medgen	MedGen	false	build-needed			No confirmed BioBricks graph mapping
mediadive.medium	MediaDive mediums	false	build-needed			No confirmed BioBricks graph mapping
medlineplus	MedlinePlus	false	build-needed			No confirmed BioBricks graph mapping
merops	MEROPS	false	build-needed			No confirmed BioBricks graph mapping
merops.family	MEROPS Family	false	build-needed			No confirmed BioBricks graph mapping
merops.inhibitor	MEROPS Inhibitor	false	build-needed			No confirmed BioBricks graph mapping
mesh	MeSH	false	existing-submodule	https://github.com/biobricks-ai/mesh-kg.git	graphs/mesh	Repository implements the registered MeSH database
mesh.2012	MeSH 2012	false	build-needed			No confirmed BioBricks graph mapping
mesh.2013	MeSH 2013	false	build-needed			No confirmed BioBricks graph mapping
metabolights	MetaboLights	false	build-needed			No confirmed BioBricks graph mapping
metacyc.compound	MetaCyc Compound	false	build-needed			No confirmed BioBricks graph mapping
metacyc.reaction	MetaCyc Reaction	false	build-needed			No confirmed BioBricks graph mapping
metanetx.chemical	MetaNetX chemical	false	build-needed			No confirmed BioBricks graph mapping
metanetx.compartment	MetaNetX compartment	false	build-needed			No confirmed BioBricks graph mapping
metanetx.reaction	MetaNetX reaction	false	build-needed			No confirmed BioBricks graph mapping
metatlas	Metabolic Atlas	false	build-needed			No confirmed BioBricks graph mapping
metlin	METLIN	true	deprecated			No confirmed BioBricks graph mapping
mex	Metabolome Express	false	build-needed			No confirmed BioBricks graph mapping
mge	Aclame	true	deprecated			No confirmed BioBricks graph mapping
mgi	Mouse Genome Database	false	build-needed			No confirmed BioBricks graph mapping
mgnify.analysis	MGnify Analysis	false	build-needed			No confirmed BioBricks graph mapping
mgnify.genome	MGnify Genome	false	build-needed			No confirmed BioBricks graph mapping
mgnify.proj	MGnify Project	false	build-needed			No confirmed BioBricks graph mapping
mgnify.protein	MGnify Protein	false	build-needed			No confirmed BioBricks graph mapping
mgnify.samp	MGnify Sample	false	build-needed			No confirmed BioBricks graph mapping
mgnify.study	MGnify Study	false	build-needed			No confirmed BioBricks graph mapping
mi	Molecular Interactions Ontology	false	build-needed			No confirmed BioBricks graph mapping
microscope	MicroScope	false	build-needed			No confirmed BioBricks graph mapping
microsporidia	MicrosporidiaDB	false	build-needed			No confirmed BioBricks graph mapping
mim	OMIM	false	build-needed			No confirmed BioBricks graph mapping
mimodb	MimoDB	false	build-needed			No confirmed BioBricks graph mapping
minid	Minimal Viable Identifier	false	build-needed			No confirmed BioBricks graph mapping
minid.test	MINID Test	false	build-needed			No confirmed BioBricks graph mapping
mint	MINT	false	build-needed			No confirmed BioBricks graph mapping
mipmod	MIPModDB	false	build-needed			No confirmed BioBricks graph mapping
mir	Identifiers.org Registry	false	build-needed			No confirmed BioBricks graph mapping
mirbase	miRBase Sequence	false	build-needed			No confirmed BioBricks graph mapping
mirbase.mature	miRBase mature sequence	false	build-needed			No confirmed BioBricks graph mapping
mirex	mirEX	false	build-needed			No confirmed BioBricks graph mapping
miriam.collection	MIRIAM Registry collection	true	deprecated			No confirmed BioBricks graph mapping
miriam.resource	MIRIAM Registry resource	false	build-needed			No confirmed BioBricks graph mapping
mirnest	miRNEST	false	build-needed			No confirmed BioBricks graph mapping
mirtarbase	miRTarBase	true	deprecated			No confirmed BioBricks graph mapping
mlc	MLCommons Association	false	build-needed			No confirmed BioBricks graph mapping
mmdb	Molecular Modeling Database	false	build-needed			No confirmed BioBricks graph mapping
mmmp.biomaps	Melanoma Molecular Map Project Biomaps	false	build-needed			No confirmed BioBricks graph mapping
mmp.cat	MarCat	false	build-needed			No confirmed BioBricks graph mapping
mmp.db	MarDB	false	build-needed			No confirmed BioBricks graph mapping
mmp.fun	MarFun	false	build-needed			No confirmed BioBricks graph mapping
mmp.ref	MarRef	false	build-needed			No confirmed BioBricks graph mapping
mmrrc	MMRRC	false	build-needed			No confirmed BioBricks graph mapping
mo	MGED Ontology	false	build-needed			No confirmed BioBricks graph mapping
mobidb	MobiDB	false	build-needed			No confirmed BioBricks graph mapping
mod	Protein Modification Ontology	false	build-needed			No confirmed BioBricks graph mapping
modeldb	ModelDB	false	build-needed			No confirmed BioBricks graph mapping
modeldb.concept	ModelDB concept	false	build-needed			No confirmed BioBricks graph mapping
moid	Metadata Management and distribution system for Multiple GNSS Networks	false	build-needed			No confirmed BioBricks graph mapping
molbase	Molbase	false	build-needed			No confirmed BioBricks graph mapping
molmedb	MolMeDB	false	build-needed			No confirmed BioBricks graph mapping
mondo	Mondo Disease Ontology	false	build-needed			No confirmed BioBricks graph mapping
morpheus	Morpheus model repository	false	build-needed			No confirmed BioBricks graph mapping
mp	Mammalian Phenotype Ontology	false	build-needed			No confirmed BioBricks graph mapping
mpid	Microbial Protein Interaction Database	false	build-needed			No confirmed BioBricks graph mapping
ms	Mass Spectrometry Controlled Vocabulary	false	build-needed			No confirmed BioBricks graph mapping
multicellds.cell_line	MultiCellDS Digital Cell Line	false	build-needed			No confirmed BioBricks graph mapping
multicellds.collection	MultiCellDS collection	false	build-needed			No confirmed BioBricks graph mapping
multicellds.snapshot	MultiCellDS Digital snapshot	false	build-needed			No confirmed BioBricks graph mapping
mw.project	Metabolomics Workbench Project	false	build-needed			No confirmed BioBricks graph mapping
mw.study	Metabolomics Workbench Study	false	build-needed			No confirmed BioBricks graph mapping
myco.lepra	MycoBrowser leprae	false	build-needed			No confirmed BioBricks graph mapping
myco.marinum	MycoBrowser marinum	false	build-needed			No confirmed BioBricks graph mapping
myco.smeg	MycoBrowser smegmatis	false	build-needed			No confirmed BioBricks graph mapping
myco.tuber	MycoBrowser tuberculosis	false	build-needed			No confirmed BioBricks graph mapping
mycobank	MycoBank	false	build-needed			No confirmed BioBricks graph mapping
mzspec	Universal Spectrum Identifier	false	build-needed			No confirmed BioBricks graph mapping
nando	Nanbyo Disease Ontology	false	build-needed			No confirmed BioBricks graph mapping
nanostar	NanostarDB	false	build-needed			No confirmed BioBricks graph mapping
napdi	Natural Product-Drug Interaction Research Data Repository	false	build-needed			No confirmed BioBricks graph mapping
napp	NAPP	false	build-needed			No confirmed BioBricks graph mapping
narcis	NARCIS	false	build-needed			No confirmed BioBricks graph mapping
nasc	NASC code	false	build-needed			No confirmed BioBricks graph mapping
nbn	National Bibliography Number	false	build-needed			No confirmed BioBricks graph mapping
nbrc	NITE Biological Research Center Catalogue	false	build-needed			No confirmed BioBricks graph mapping
ncbidrs	NCBI Data Repository Service	false	build-needed			No confirmed BioBricks graph mapping
ncbigene	NCBI Gene	false	build-needed			No confirmed BioBricks graph mapping
ncbiprotein	NCBI Protein	false	build-needed			No confirmed BioBricks graph mapping
ncim	NCIm	false	build-needed			No confirmed BioBricks graph mapping
ncit	NCIt	false	build-needed			No confirmed BioBricks graph mapping
ndc	National Drug Code	false	build-needed			No confirmed BioBricks graph mapping
nemo	Neuroscience Multi-Omic BRAIN Initiative Data	false	build-needed			No confirmed BioBricks graph mapping
neurolex	NeuroLex	false	build-needed			No confirmed BioBricks graph mapping
neuromorpho	NeuroMorpho	false	build-needed			No confirmed BioBricks graph mapping
neurondb	NeuronDB	true	deprecated			No confirmed BioBricks graph mapping
neurovault.collection	NeuroVault Collection	false	build-needed			No confirmed BioBricks graph mapping
neurovault.image	NeuroVault Image	false	build-needed			No confirmed BioBricks graph mapping
nextdb	NEXTDB	false	build-needed			No confirmed BioBricks graph mapping
nextprot	nextProt	false	build-needed			No confirmed BioBricks graph mapping
ngl	NASA GeneLab	false	build-needed			No confirmed BioBricks graph mapping
niaest	NIAEST	true	deprecated			No confirmed BioBricks graph mapping
nlfff	NLFFF Database	false	build-needed			No confirmed BioBricks graph mapping
nmdc	National Microbiome Data Collaborative	false	build-needed			No confirmed BioBricks graph mapping
nmr	Nuclear Magnetic Resonance Controlled Vocabulary	false	build-needed			No confirmed BioBricks graph mapping
nmrshiftdb2	NMR Shift Database	false	existing-submodule	https://github.com/biobricks-ai/nmrshiftdb2.git	graphs/nmrshiftdb2	Exact registered database and BioBricks source
noncodev3	NONCODE v3	true	deprecated			No confirmed BioBricks graph mapping
noncodev4.gene	NONCODE v4 Gene	true	deprecated			No confirmed BioBricks graph mapping
noncodev4.rna	NONCODE v4 Transcript	true	deprecated			No confirmed BioBricks graph mapping
norine	NORINE	false	build-needed			No confirmed BioBricks graph mapping
nuclearbd	NucleaRDB	false	build-needed			No confirmed BioBricks graph mapping
nucleotide	Nucleotide	false	build-needed			No confirmed BioBricks graph mapping
obcs	 Ontology of Biological and Clinical Statistics	false	build-needed			No confirmed BioBricks graph mapping
obi	Ontology for Biomedical Investigations	false	build-needed			No confirmed BioBricks graph mapping
obv	Austrian Library Network	false	build-needed			No confirmed BioBricks graph mapping
occ	OpenCitations Corpus	false	build-needed			No confirmed BioBricks graph mapping
oci	OCI	false	build-needed			No confirmed BioBricks graph mapping
ocid	Ontology Concept Identifiers	false	build-needed			No confirmed BioBricks graph mapping
oclc	Online Computer Library Center (OCLC) WorldCat	false	build-needed			No confirmed BioBricks graph mapping
odam	Open Data for Access and Mining	false	build-needed			No confirmed BioBricks graph mapping
odam.explorer	ODAM Data explorer	false	build-needed			No confirmed BioBricks graph mapping
odc.sci	Open Data Commons for Spinal Cord Injury	false	build-needed			No confirmed BioBricks graph mapping
odc.tbi	Open Data Commons for Traumatic Brain Injury	false	build-needed			No confirmed BioBricks graph mapping
odor	Odor Molecules DataBase	false	build-needed			No confirmed BioBricks graph mapping
oid	OID Repository	false	build-needed			No confirmed BioBricks graph mapping
oma.grp	OMA Group	false	build-needed			No confirmed BioBricks graph mapping
oma.hog	OMA HOGs	false	build-needed			No confirmed BioBricks graph mapping
oma.protein	OMA Protein	false	build-needed			No confirmed BioBricks graph mapping
omia	OMIA	false	build-needed			No confirmed BioBricks graph mapping
omid	OpenCitations Meta Identifier	false	build-needed			No confirmed BioBricks graph mapping
omit	OMIT	false	build-needed			No confirmed BioBricks graph mapping
opb	Ontology of Physics for Biology	false	build-needed			No confirmed BioBricks graph mapping
opl	Ontology for Parasite Lifecycle	false	build-needed			No confirmed BioBricks graph mapping
opm	OPM	false	build-needed			No confirmed BioBricks graph mapping
orcid	ORCID	false	build-needed			No confirmed BioBricks graph mapping
ordb	Olfactory Receptor Database	false	build-needed			No confirmed BioBricks graph mapping
oridb.sacch	OriDB Saccharomyces	false	build-needed			No confirmed BioBricks graph mapping
oridb.schizo	OriDB Schizosaccharomyces	false	build-needed			No confirmed BioBricks graph mapping
orphanet	Orphanet	false	build-needed			No confirmed BioBricks graph mapping
orphanet.ordo	Orphanet Rare Disease Ontology	false	build-needed			No confirmed BioBricks graph mapping
orthodb	OrthoDB	false	existing-submodule	https://github.com/biobricks-ai/orthodb.git	graphs/orthodb	Exact registered database and BioBricks source
oryzabase.gene	Oryzabase Gene	false	build-needed			No confirmed BioBricks graph mapping
oryzabase.mutant	Oryzabase Mutant	false	build-needed			No confirmed BioBricks graph mapping
oryzabase.reference	Oryzabase	false	build-needed			No confirmed BioBricks graph mapping
oryzabase.stage	Oryzabase Stage	false	build-needed			No confirmed BioBricks graph mapping
oryzabase.strain	Oryzabase Strain	false	build-needed			No confirmed BioBricks graph mapping
otl	Oryza Tag Line	false	build-needed			No confirmed BioBricks graph mapping
p3db.protein	P3DB Protein	false	build-needed			No confirmed BioBricks graph mapping
p3db.site	P3DB Site	false	build-needed			No confirmed BioBricks graph mapping
paleodb	PaleoDB	false	build-needed			No confirmed BioBricks graph mapping
panther.family	PANTHER Family	false	build-needed			No confirmed BioBricks graph mapping
panther.node	PANTHER Node	false	build-needed			No confirmed BioBricks graph mapping
panther.pathway	PANTHER Pathway	false	build-needed			No confirmed BioBricks graph mapping
panther.pthcmp	PANTHER Pathway Component	false	build-needed			No confirmed BioBricks graph mapping
pass2	PASS2	false	build-needed			No confirmed BioBricks graph mapping
pathwaycommons	Pathway Commons	false	build-needed			No confirmed BioBricks graph mapping
pato	PATO	false	build-needed			No confirmed BioBricks graph mapping
paxdb.organism	PaxDb Organism	false	build-needed			No confirmed BioBricks graph mapping
paxdb.protein	PaxDb Protein	false	build-needed			No confirmed BioBricks graph mapping
pazar	Pazar Transcription Factor	true	deprecated			No confirmed BioBricks graph mapping
pdb	Protein Data Bank	false	build-needed			No confirmed BioBricks graph mapping
pdb-ccd	Chemical Component Dictionary	false	existing-submodule	https://github.com/biobricks-ai/pdb-ccd.git	graphs/pdb-ccd	Exact registered database and BioBricks source
pdb.ligand	Protein Data Bank Ligand	false	build-needed			No confirmed BioBricks graph mapping
ped	Protein Ensemble Database	false	build-needed			No confirmed BioBricks graph mapping
ped.ensemble	Protein Ensemble Database ensemble	false	build-needed			No confirmed BioBricks graph mapping
peptideatlas	PeptideAtlas	false	build-needed			No confirmed BioBricks graph mapping
peptideatlas.dataset	PeptideAtlas Dataset	false	build-needed			No confirmed BioBricks graph mapping
peroxibase	Peroxibase	false	build-needed			No confirmed BioBricks graph mapping
pfam	Pfam	false	build-needed			No confirmed BioBricks graph mapping
pgs	Polygenic Score Catalog	false	build-needed			No confirmed BioBricks graph mapping
pgx	Progenetix	false	build-needed			No confirmed BioBricks graph mapping
pharmgkb.disease	PharmGKB Disease	false	build-needed			No confirmed BioBricks graph mapping
pharmgkb.drug	PharmGKB Drug	false	build-needed			No confirmed BioBricks graph mapping
pharmgkb.gene	PharmGKB Gene	false	build-needed			No confirmed BioBricks graph mapping
pharmgkb.pathways	PharmGKB Pathways	false	build-needed			No confirmed BioBricks graph mapping
phenolexplorer	Phenol-Explorer	false	build-needed			No confirmed BioBricks graph mapping
phosphopoint.kinase	PhosphoPoint Kinase	false	build-needed			No confirmed BioBricks graph mapping
phosphopoint.protein	PhosphoPoint Phosphoprotein	true	deprecated			No confirmed BioBricks graph mapping
phosphosite.protein	PhosphoSite Protein	false	build-needed			No confirmed BioBricks graph mapping
phosphosite.residue	PhosphoSite Residue	false	build-needed			No confirmed BioBricks graph mapping
phylomedb	PhylomeDB	false	build-needed			No confirmed BioBricks graph mapping
phytozome.locus	Phytozome Locus	false	build-needed			No confirmed BioBricks graph mapping
pid.pathway	NCI Pathway Interaction Database: Pathway	true	deprecated			No confirmed BioBricks graph mapping
pigqtldb	Animal Genome Pig QTL	false	build-needed			No confirmed BioBricks graph mapping
pina	PINA	false	build-needed			No confirmed BioBricks graph mapping
piroplasma	PiroplasmaDB	false	build-needed			No confirmed BioBricks graph mapping
pirsf	PIRSF	false	build-needed			No confirmed BioBricks graph mapping
pkdb	PK-DB	false	build-needed			No confirmed BioBricks graph mapping
plant_reactome	Plant Reactome	false	build-needed			No confirmed BioBricks graph mapping
planttfdb	Plant Transcription Factor Database	false	build-needed			No confirmed BioBricks graph mapping
plasmodb	PlasmoDB	false	build-needed			No confirmed BioBricks graph mapping
pmap.cutdb	CutDB	true	deprecated			No confirmed BioBricks graph mapping
pmap.substratedb	SubstrateDB	false	build-needed			No confirmed BioBricks graph mapping
pmc	PMC International	false	existing-submodule	https://github.com/biobricks-ai/pmc.git	graphs/pmc	Exact registered database and BioBricks source
pmdb	Protein Model Database	false	build-needed			No confirmed BioBricks graph mapping
pmp	PMP	true	deprecated			No confirmed BioBricks graph mapping
pmr	Physiome Model Repository	false	build-needed			No confirmed BioBricks graph mapping
pmr.workspace	Physiome Model Repository workspace	false	build-needed			No confirmed BioBricks graph mapping
po	Plant Ontology	false	build-needed			No confirmed BioBricks graph mapping
pocketome	Pocketome	false	build-needed			No confirmed BioBricks graph mapping
polbase	PolBase	false	build-needed			No confirmed BioBricks graph mapping
pombase	PomBase	false	build-needed			No confirmed BioBricks graph mapping
pr	Protein Ontology	false	build-needed			No confirmed BioBricks graph mapping
pride	PRIDE	true	deprecated			No confirmed BioBricks graph mapping
pride.project	PRIDE Project	false	build-needed			No confirmed BioBricks graph mapping
prints	PRINTS	true	deprecated			No confirmed BioBricks graph mapping
probonto	ProbOnto	false	build-needed			No confirmed BioBricks graph mapping
prodom	ProDom	true	deprecated			No confirmed BioBricks graph mapping
proglyc	ProGlycProt	true	deprecated			No confirmed BioBricks graph mapping
prosite	PROSITE	false	build-needed			No confirmed BioBricks graph mapping
protclustdb	ProtClustDB	false	build-needed			No confirmed BioBricks graph mapping
proteomicsdb.peptide	ProteomicsDB Peptide	false	build-needed			No confirmed BioBricks graph mapping
proteomicsdb.protein	ProteomicsDB Protein	false	build-needed			No confirmed BioBricks graph mapping
protonet.cluster	ProtoNet Cluster	true	deprecated			No confirmed BioBricks graph mapping
protonet.proteincard	ProtoNet ProteinCard	true	deprecated			No confirmed BioBricks graph mapping
ps	Pennsieve	false	build-needed			No confirmed BioBricks graph mapping
pscdb	PSCDB	false	build-needed			No confirmed BioBricks graph mapping
pseudomonas	Pseudomonas Genome Database	false	build-needed			No confirmed BioBricks graph mapping
psipar	Protein Affinity Reagents	false	build-needed			No confirmed BioBricks graph mapping
pubchem.bioassay	PubChem-bioassay	false	build-needed			No confirmed BioBricks graph mapping
pubchem.compound	PubChem-compound	false	build-needed			No confirmed BioBricks graph mapping
pubchem.substance	PubChem-substance	false	build-needed			No confirmed BioBricks graph mapping
pubmed	PubMed	false	existing-submodule	https://github.com/biobricks-ai/pubmed.git	graphs/pubmed	Exact registered database and BioBricks source
pw	Pathway Ontology	false	build-needed			No confirmed BioBricks graph mapping
px	ProteomeXchange	false	build-needed			No confirmed BioBricks graph mapping
pypi	PyPI	false	build-needed			No confirmed BioBricks graph mapping
qtldb	Animal Genome QTL	false	build-needed			No confirmed BioBricks graph mapping
raid	Research Activity Identifier	false	build-needed			No confirmed BioBricks graph mapping
rapdb.locus	RAP-DB Locus	false	build-needed			No confirmed BioBricks graph mapping
rapdb.transcript	RAP-DB Transcript	false	build-needed			No confirmed BioBricks graph mapping
rbk	Rebuilding a Kidney	false	build-needed			No confirmed BioBricks graph mapping
re3data	re3data	false	build-needed			No confirmed BioBricks graph mapping
reactome	Reactome	false	existing-submodule	https://github.com/biobricks-ai/reactome.git	graphs/reactome	Exact registered database and BioBricks source
rebase	REBASE	false	build-needed			No confirmed BioBricks graph mapping
refseq	RefSeq	false	build-needed			No confirmed BioBricks graph mapping
refseq.gcf	Genome assembly database - RefSeq accessions	false	build-needed			No confirmed BioBricks graph mapping
repeatsdb.protein	RepeatsDB Protein	false	build-needed			No confirmed BioBricks graph mapping
repeatsdb.structure	RepeatsDB Structure	false	build-needed			No confirmed BioBricks graph mapping
resid	RESID	false	build-needed			No confirmed BioBricks graph mapping
rfam	RFAM	false	build-needed			No confirmed BioBricks graph mapping
rgd	Rat Genome Database	false	build-needed			No confirmed BioBricks graph mapping
rgd.qtl	Rat Genome Database qTL	false	build-needed			No confirmed BioBricks graph mapping
rgd.strain	Rat Genome Database strain	false	build-needed			No confirmed BioBricks graph mapping
rhea	Rhea	false	existing-submodule	https://github.com/biobricks-ai/rhea-kg.git	graphs/rhea	Repository implements the registered Rhea database
ricegap	Rice Genome Annotation Project	false	build-needed			No confirmed BioBricks graph mapping
ricenetdb.compound	RiceNetDB Compound	false	build-needed			No confirmed BioBricks graph mapping
ricenetdb.gene	RiceNetDB Gene	false	build-needed			No confirmed BioBricks graph mapping
ricenetdb.mirna	RiceNetDB miRNA	false	build-needed			No confirmed BioBricks graph mapping
ricenetdb.protein	RiceNetDB Protein	false	build-needed			No confirmed BioBricks graph mapping
ricenetdb.reaction	RiceNetDB Reaction	false	build-needed			No confirmed BioBricks graph mapping
rism	RISM Online	false	build-needed			No confirmed BioBricks graph mapping
rnacentral	RNAcentral	false	build-needed			No confirmed BioBricks graph mapping
rnamods	RNA Modification Database	false	build-needed			No confirmed BioBricks graph mapping
ro	Relation Ontology	false	build-needed			No confirmed BioBricks graph mapping
ror	ROR	false	build-needed			No confirmed BioBricks graph mapping
rouge	Rouge	false	build-needed			No confirmed BioBricks graph mapping
rrid	RRID	false	build-needed			No confirmed BioBricks graph mapping
runbiosimulations	runBioSimulations	false	build-needed			No confirmed BioBricks graph mapping
sabiork.compound	SABIO-RK Compound	false	build-needed			No confirmed BioBricks graph mapping
sabiork.ec	SABIO-RK EC Record	false	build-needed			No confirmed BioBricks graph mapping
sabiork.kineticrecord	SABIO-RK Kinetic Record	false	build-needed			No confirmed BioBricks graph mapping
sabiork.reaction	SABIO-RK Reaction	false	build-needed			No confirmed BioBricks graph mapping
sasbdb	SASBDB	false	build-needed			No confirmed BioBricks graph mapping
sbo	Systems Biology Ontology	false	build-needed			No confirmed BioBricks graph mapping
sciflection	Sciflection	false	build-needed			No confirmed BioBricks graph mapping
scop	SCOP	false	build-needed			No confirmed BioBricks graph mapping
scretf	ScerTF	true	deprecated			No confirmed BioBricks graph mapping
sdbs	Spectral Database for Organic Compounds	false	build-needed			No confirmed BioBricks graph mapping
sdy	Immunology Database and Analysis Portal (ImmPort)	true	deprecated			No confirmed BioBricks graph mapping
sedml.format	SED-ML data format	false	build-needed			No confirmed BioBricks graph mapping
sedml.language	SED-ML model format	false	build-needed			No confirmed BioBricks graph mapping
seed	SEED Subsystem	true	deprecated			No confirmed BioBricks graph mapping
seed.compound	SEED Compound	false	build-needed			No confirmed BioBricks graph mapping
seed.reaction	SEED Reactions	false	build-needed			No confirmed BioBricks graph mapping
sgd	SGD	false	build-needed			No confirmed BioBricks graph mapping
sgd.pathways	Saccharomyces genome database pathways	false	build-needed			No confirmed BioBricks graph mapping
sgn	Sol Genomics Network	false	build-needed			No confirmed BioBricks graph mapping
sheepqtldb	Animal Genome Sheep QTL	false	build-needed			No confirmed BioBricks graph mapping
sider.drug	SIDER Drug	false	build-needed			No confirmed BioBricks graph mapping
sider.effect	SIDER Side Effect	false	build-needed			No confirmed BioBricks graph mapping
signaling-gateway	Signaling Gateway	true	deprecated			No confirmed BioBricks graph mapping
signor	SIGNOR	false	build-needed			No confirmed BioBricks graph mapping
sio	Semanticscience Integrated Ontology	false	build-needed			No confirmed BioBricks graph mapping
sisu	SISu	false	build-needed			No confirmed BioBricks graph mapping
sitex	SitEx	true	deprecated			No confirmed BioBricks graph mapping
skm	Stress Knowledge Map	false	build-needed			No confirmed BioBricks graph mapping
slm	SwissLipids	false	build-needed			No confirmed BioBricks graph mapping
smart	SMART	false	build-needed			No confirmed BioBricks graph mapping
smpdb	Small Molecule Pathway Database	false	build-needed			No confirmed BioBricks graph mapping
snomedct	SNOMED CT	false	build-needed			No confirmed BioBricks graph mapping
snp2tfbs	SNP2TFBS	false	build-needed			No confirmed BioBricks graph mapping
so	Sequence Ontology	false	build-needed			No confirmed BioBricks graph mapping
soybase	SoyBase	false	build-needed			No confirmed BioBricks graph mapping
sparc.drs	SPARC DRS	false	build-needed			No confirmed BioBricks graph mapping
spdx	SPDX License List	false	build-needed			No confirmed BioBricks graph mapping
spike.map	SPIKE Map	false	build-needed			No confirmed BioBricks graph mapping
splash	SPLASH	false	build-needed			No confirmed BioBricks graph mapping
spp	Signaling Pathways Project	false	build-needed			No confirmed BioBricks graph mapping
stap	STAP	true	deprecated			No confirmed BioBricks graph mapping
stato	Statistical Ontology	false	build-needed			No confirmed BioBricks graph mapping
stitch	STITCH	false	build-needed			No confirmed BioBricks graph mapping
storedb	STOREDB	false	build-needed			No confirmed BioBricks graph mapping
string	STRING	false	build-needed			No confirmed BioBricks graph mapping
subtilist	SubtiList	true	deprecated			No confirmed BioBricks graph mapping
subtiwiki	SubtiWiki	false	build-needed			No confirmed BioBricks graph mapping
sugarbind	SugarBind	false	build-needed			No confirmed BioBricks graph mapping
supfam	SUPFAM	false	build-needed			No confirmed BioBricks graph mapping
swh	Software Heritage	false	build-needed			No confirmed BioBricks graph mapping
swiss-model	SWISS-MODEL Repository	false	build-needed			No confirmed BioBricks graph mapping
swissregulon	SwissRegulon	false	build-needed			No confirmed BioBricks graph mapping
synapse	Synapse Data Repository	false	build-needed			No confirmed BioBricks graph mapping
t3db	T3DB	false	existing-submodule	https://github.com/biobricks-ai/t3db.git	graphs/t3db	Exact registered database and BioBricks source
tair.gene	TAIR Gene	false	build-needed			No confirmed BioBricks graph mapping
tair.locus	TAIR Locus	false	build-needed			No confirmed BioBricks graph mapping
tair.name	TAIR gene name	false	build-needed			No confirmed BioBricks graph mapping
tair.protein	TAIR Protein	false	build-needed			No confirmed BioBricks graph mapping
tarbase	TarBase	false	build-needed			No confirmed BioBricks graph mapping
taxonomy	Taxonomy	false	build-needed			No confirmed BioBricks graph mapping
tcdb	Transport Classification Database	false	build-needed			No confirmed BioBricks graph mapping
tgd	Tetrahymena Genome Database	false	build-needed			No confirmed BioBricks graph mapping
tigrfam	TIGRFAMS	false	build-needed			No confirmed BioBricks graph mapping
tissuelist	Tissue List	false	build-needed			No confirmed BioBricks graph mapping
togovar	TogoVar	false	build-needed			No confirmed BioBricks graph mapping
tol	Tree of Life	false	build-needed			No confirmed BioBricks graph mapping
topdb	TOPDB	false	build-needed			No confirmed BioBricks graph mapping
topfind	TopFind	false	build-needed			No confirmed BioBricks graph mapping
toxoplasma	ToxoDB	false	build-needed			No confirmed BioBricks graph mapping
transyt	TranSyT	false	build-needed			No confirmed BioBricks graph mapping
treebase	TreeBASE	true	deprecated			No confirmed BioBricks graph mapping
treefam	TreeFam	false	build-needed			No confirmed BioBricks graph mapping
tricdb	tricdb	false	build-needed			No confirmed BioBricks graph mapping
trichdb	TrichDB	false	build-needed			No confirmed BioBricks graph mapping
tritrypdb	TriTrypDB	false	build-needed			No confirmed BioBricks graph mapping
ttd.drug	TTD Drug	false	build-needed			No confirmed BioBricks graph mapping
ttd.target	TTD Target	false	build-needed			No confirmed BioBricks graph mapping
uberon	UBERON	false	build-needed			No confirmed BioBricks graph mapping
ubio.namebank	uBio NameBank	true	deprecated			No confirmed BioBricks graph mapping
umbbd.compound	UM-BBD Compound	false	build-needed			No confirmed BioBricks graph mapping
umbbd.enzyme	UM-BBD Enzyme	false	build-needed			No confirmed BioBricks graph mapping
umbbd.pathway	UM-BBD Pathway	false	build-needed			No confirmed BioBricks graph mapping
umbbd.reaction	UM-BBD Reaction	false	build-needed			No confirmed BioBricks graph mapping
umbbd.rule	UM-BBD Biotransformation Rule	false	build-needed			No confirmed BioBricks graph mapping
umls	UMLS	false	build-needed			No confirmed BioBricks graph mapping
unigene	UniGene	true	deprecated			No confirmed BioBricks graph mapping
unii	UNII	false	build-needed			No confirmed BioBricks graph mapping
unimod	Unimod	false	build-needed			No confirmed BioBricks graph mapping
uniparc	UniParc	false	build-needed			No confirmed BioBricks graph mapping
unipathway.compound	UniPathway Compound	false	build-needed			No confirmed BioBricks graph mapping
unipathway.reaction	UniPathway Reaction	false	build-needed			No confirmed BioBricks graph mapping
uniprot	UniProt Knowledgebase	false	existing-submodule	https://github.com/biobricks-ai/uniprot-rdf.git	graphs/uniprot	Repository implements the registered UniProt Knowledgebase
uniprot.chain	UniProt Chain	false	build-needed			No confirmed BioBricks graph mapping
uniprot.isoform	UniProt Isoform	false	build-needed			No confirmed BioBricks graph mapping
uniref	UniRef	false	build-needed			No confirmed BioBricks graph mapping
unists	UniSTS	true	deprecated			No confirmed BioBricks graph mapping
unite	Unite	false	build-needed			No confirmed BioBricks graph mapping
uo	Unit Ontology	false	build-needed			No confirmed BioBricks graph mapping
uspto	USPTO	false	build-needed			No confirmed BioBricks graph mapping
utrdb	UTRdb	false	build-needed			No confirmed BioBricks graph mapping
validatordb	ValidatorDB	false	build-needed			No confirmed BioBricks graph mapping
vario	VariO	false	build-needed			No confirmed BioBricks graph mapping
vbase2	Vbase2	false	build-needed			No confirmed BioBricks graph mapping
vbrc	VBRC	true	deprecated			No confirmed BioBricks graph mapping
vcell	VCell Published Models	false	build-needed			No confirmed BioBricks graph mapping
vectorbase	VectorBase	false	build-needed			No confirmed BioBricks graph mapping
vegbank	VegBank	false	build-needed			No confirmed BioBricks graph mapping
vfb	Virtual Fly Brain	false	build-needed			No confirmed BioBricks graph mapping
vfdb.gene	VFDB Gene	false	build-needed			No confirmed BioBricks graph mapping
vfdb.genus	VFDB Genus	false	build-needed			No confirmed BioBricks graph mapping
vgnc	VGNC	false	build-needed			No confirmed BioBricks graph mapping
viaf	Virtual International Authority File	false	build-needed			No confirmed BioBricks graph mapping
vipr	ViPR Strain	false	build-needed			No confirmed BioBricks graph mapping
viralzone	ViralZone	false	build-needed			No confirmed BioBricks graph mapping
virsirna	VIRsiRNA	false	build-needed			No confirmed BioBricks graph mapping
vmhgene	VMH Gene	false	build-needed			No confirmed BioBricks graph mapping
vmhmetabolite	VMH metabolite	false	build-needed			No confirmed BioBricks graph mapping
vmhreaction	VMH reaction	false	build-needed			No confirmed BioBricks graph mapping
wb	WormBase	false	build-needed			No confirmed BioBricks graph mapping
wb.rnai	WormBase RNAi	false	build-needed			No confirmed BioBricks graph mapping
wikidata	Wikidata	false	existing-submodule	https://github.com/biobricks-ai/biobricks-wikidata.git	graphs/wikidata	Repository implements the registered Wikidata database
wikigenes	WikiGenes	false	build-needed			No confirmed BioBricks graph mapping
wikipathways	WikiPathways	false	existing-submodule	https://github.com/biobricks-ai/wikipathways.git	graphs/wikipathways	Exact registered database and BioBricks source
wikipedia.en	Wikipedia (En)	false	build-needed			No confirmed BioBricks graph mapping
worfdb	Worfdb	false	build-needed			No confirmed BioBricks graph mapping
wormpep	Wormpep	false	build-needed			No confirmed BioBricks graph mapping
worms	World Register of Marine Species	false	build-needed			No confirmed BioBricks graph mapping
xenbase	Xenbase	false	build-needed			No confirmed BioBricks graph mapping
ydpm	YDPM	true	deprecated			No confirmed BioBricks graph mapping
yeastintron	Yeast Intron Database v4.3	false	build-needed			No confirmed BioBricks graph mapping
yetfasco	YeTFasCo	false	build-needed			No confirmed BioBricks graph mapping
yid	Yeast Intron Database v3	true	deprecated			No confirmed BioBricks graph mapping
yrcpdr	YRC PDR	false	build-needed			No confirmed BioBricks graph mapping
zfin	ZFIN Bioentity	false	build-needed			No confirmed BioBricks graph mapping
zinc	ZINC	false	build-needed			No confirmed BioBricks graph mapping
